id,title,year,venue,task,dataset,shift,reliability_method,metrics,network_variables,main_finding,limitations,track,relevance,status,doi_or_url
S01,MT-1000 Endoscopic Surgical System — Medical Device Product Registration Technical Review Report (Acceptance No. CQZ2100611),2022,NMPA/CMDE technical review,P0.1 Toumai architecture / telesurgery reconnaissance,technical/regulatory/clinical deployment evidence,,"redundancy, safe-state or bedside fallback where reported",see toumai-network-metrics.csv where applicable,latency/RTT/jitter/loss/bandwidth/topology as available,Defines MT-1000 composition and master–slave working principle.,Regulatory document is publicly mirrored; the official CMDE host was not rediscovered during the 2026-09-25 audit. Verify the official-host copy before manuscript submission.,foundation; informs A/B/C,"Toumai architecture, vision, control, communications or safety",retain-core,https://qx-files.yaozh.com/reviewreport/CQZ2100611.pdf
S02,Toumai MT-1000 Endoscopic Surgical System product page,2026,Official manufacturer product documentation,P0.1 Toumai architecture / telesurgery reconnaissance,technical/regulatory/clinical deployment evidence,,"redundancy, safe-state or bedside fallback where reported",see toumai-network-metrics.csv where applicable,latency/RTT/jitter/loss/bandwidth/topology as available,Corroborates MT-1000 component model names and current approved specialties.,"Manufacturer source; used for product identity, not independent performance validation.",foundation; informs A/B/C,"Toumai architecture, vision, control, communications or safety",retain-core,https://www.microport.com.cn/products/yljqrszhyl/wjssxt/185.html
S03,Evaluation of the Toumai robotic system in partial nephrectomy and key system features,2025,Scientific Reports 15:13046,P0.1 Toumai architecture / telesurgery reconnaissance,technical/regulatory/clinical deployment evidence,,"redundancy, safe-state or bedside fallback where reported",see toumai-network-metrics.csv where applicable,latency/RTT/jitter/loss/bandwidth/topology as available,"Best peer-reviewed technical description of control response, haptics, instruments and vision features.","Authors explicitly state advanced-feature technical performance, including force-feedback precision and algorithm reliability, was not objectively quantified.",foundation; informs A/B/C,"Toumai architecture, vision, control, communications or safety",retain-core,https://doi.org/10.1038/s41598-025-97124-x
S04,Application of 5G Remote Robotic-assisted Laparoscopy in Urological Surgery: A Small Sample Analysis,2025,Urology 197:110–114,P0.1 Toumai architecture / telesurgery reconnaissance,technical/regulatory/clinical deployment evidence,,"redundancy, safe-state or bedside fallback where reported",see toumai-network-metrics.csv where applicable,latency/RTT/jitter/loss/bandwidth/topology as available,"14 Toumai 5G urologic cases with throughput, latency extrema and packet-loss data.",52 km deployment; metrics are deployment-specific.,foundation; informs A/B/C,"Toumai architecture, vision, control, communications or safety",retain-core,https://doi.org/10.1016/j.urology.2024.11.019
S05,The safety and feasibility of telerobotic cholecystectomy via a 5G network: a prospective controlled clinical trial,2025,Surgical Endoscopy 39(11):7336–7346,P0.1 Toumai architecture / telesurgery reconnaissance,technical/regulatory/clinical deployment evidence,,"redundancy, safe-state or bedside fallback where reported",see toumai-network-metrics.csv where applicable,latency/RTT/jitter/loss/bandwidth/topology as available,"20 remote Toumai cholecystectomies; detailed latency, jitter, throughput and packet-loss measurements.",A 3-second interruption/automatic standby detail is reported in the later Brucchi review of this dataset and is cited as such.,foundation; informs A/B/C,"Toumai architecture, vision, control, communications or safety",retain-core,https://doi.org/10.1007/s00464-025-12005-8
S06,The era of telesurgery: insights from ultra-long-distance Asia to Middle East human telesurgery robotic assisted radical prostatectomy,2025,Journal of Robotic Surgery 19:108,P0.1 Toumai architecture / telesurgery reconnaissance,technical/regulatory/clinical deployment evidence,,"redundancy, safe-state or bedside fallback where reported",see toumai-network-metrics.csv where applicable,latency/RTT/jitter/loss/bandwidth/topology as available,"~7000 km human Toumai RARP with RTT, primary/backup links, cloud/VPN/firewall details and bedside takeover capability.",Single case; topology is not universal Toumai architecture.,foundation; informs A/B/C,"Toumai architecture, vision, control, communications or safety",retain-core,https://doi.org/10.1007/s11701-025-02274-9
S07,Current perspectives of telesurgery applications among different specialties: first multicentric and multispecialty retrospective study,2025,Journal of Robotic Surgery 19:247,P0.1 Toumai architecture / telesurgery reconnaissance,technical/regulatory/clinical deployment evidence,,"redundancy, safe-state or bedside fallback where reported",see toumai-network-metrics.csv where applicable,latency/RTT/jitter/loss/bandwidth/topology as available,66 Toumai telesurgeries across specialties; distances and mean delay by specialty.,"Retrospective, heterogeneous procedures and sites.",foundation; informs A/B/C,"Toumai architecture, vision, control, communications or safety",retain-core,https://doi.org/10.1007/s11701-025-02393-3
S08,Pioneering telesurgery in gynecology: the first European case of total hysterectomy,2025,Journal of Robotic Surgery 19:460,P0.1 Toumai architecture / telesurgery reconnaissance,technical/regulatory/clinical deployment evidence,,"redundancy, safe-state or bedside fallback where reported",see toumai-network-metrics.csv where applicable,latency/RTT/jitter/loss/bandwidth/topology as available,"~20 km European deployment with mean latency and jitter, high image quality, no connection issues and standby surgeon.","Short-distance, site-specific implementation.",foundation; informs A/B/C,"Toumai architecture, vision, control, communications or safety",retain-core,https://doi.org/10.1007/s11701-025-02638-1
S09,"Safety and feasibility of robot-assisted remote radical gastrectomy for gastric cancer based on 5G communication technology (FUTURE-04): a prospective, single-arm clinical trial",2026,Gastric Cancer 29(1):238–249,P0.1 Toumai architecture / telesurgery reconnaissance,technical/regulatory/clinical deployment evidence,,"redundancy, safe-state or bedside fallback where reported",see toumai-network-metrics.csv where applicable,latency/RTT/jitter/loss/bandwidth/topology as available,"27 remote Toumai radical gastrectomies; total delay, network RTT and packet loss.",Short-distance (15 km) dedicated 5G context.,foundation; informs A/B/C,"Toumai architecture, vision, control, communications or safety",retain-core,https://doi.org/10.1007/s10120-025-01687-7
S10,Telerobotic partial nephrectomy and radical prostatectomy using a hybrid network: A single-center prospective experience,2026,European Journal of Surgical Oncology 52(8):111963,P0.1 Toumai architecture / telesurgery reconnaissance,technical/regulatory/clinical deployment evidence,,"redundancy, safe-state or bedside fallback where reported",see toumai-network-metrics.csv where applicable,latency/RTT/jitter/loss/bandwidth/topology as available,13 Toumai PN/RP cases over 25 km comparing fiber and 5G latency.,Packet loss is an outcome in the study; accessible abstract does not expose all packet-loss values.,foundation; informs A/B/C,"Toumai architecture, vision, control, communications or safety",retain-core,https://doi.org/10.1016/j.ejso.2026.111963
S11,Feasibility and Safety of Cross-Regional 5G-Enabled Remote Robot-Assisted Laparoscopic Surgery: A Retrospective Case Series of 21 Patients,2026,International Journal of Medical Robotics and Computer Assisted Surgery 22(4):e70214,P0.1 Toumai architecture / telesurgery reconnaissance,technical/regulatory/clinical deployment evidence,,"redundancy, safe-state or bedside fallback where reported",see toumai-network-metrics.csv where applicable,latency/RTT/jitter/loss/bandwidth/topology as available,"Best detailed public network architecture: triple-carrier redundancy, QoS, thresholds, stress testing, jitter/max latency, interruptions and takeover plan.","Retrospective, single collaboration, selected patients.",foundation; informs A/B/C,"Toumai architecture, vision, control, communications or safety",retain-core,https://doi.org/10.1002/rcs.70214
S12,Early clinical experience with the Toumai robotic system in general surgery: a systematic review of short-term outcomes and telesurgical applications,2026,Journal of Robotic Surgery 20:765,P0.1 Toumai architecture / telesurgery reconnaissance,technical/regulatory/clinical deployment evidence,,"redundancy, safe-state or bedside fallback where reported",see toumai-network-metrics.csv where applicable,latency/RTT/jitter/loss/bandwidth/topology as available,Cross-checks early general-surgery evidence and documents the 3-second signal interruption triggering automatic standby in Yang et al.,"Secondary synthesis; used to triangulate, not replace primary data.",foundation; informs A/B/C,"Toumai architecture, vision, control, communications or safety",retain-supporting,https://doi.org/10.1007/s11701-026-03714-w
S13,Toumai Tele-Robotic Surgical System Becomes First Globally Approved For Commercial Use,2025,Official manufacturer release,P0.1 Toumai architecture / telesurgery reconnaissance,technical/regulatory/clinical deployment evidence,,"redundancy, safe-state or bedside fallback where reported",see toumai-network-metrics.csv where applicable,latency/RTT/jitter/loss/bandwidth/topology as available,"Describes tele-surgical communication stack claims, supported network types and manufacturer latency claims.",Performance values are manufacturer-reported and are not treated as independent validation.,foundation; informs A/B/C,"Toumai architecture, vision, control, communications or safety",retain-context,https://microport.com/news/toumai-tele-robotic-surgical-system-becomes-first-globally-approved-for-commercial-use
S14,Toumai Performs World’s First LEO Satellite-Based Remote Robotic Surgery Using Mobile Platform,2025,Official manufacturer release,P0.1 Toumai architecture / telesurgery reconnaissance,technical/regulatory/clinical deployment evidence,,"redundancy, safe-state or bedside fallback where reported",see toumai-network-metrics.csv where applicable,latency/RTT/jitter/loss/bandwidth/topology as available,Documents manufacturer-reported LEO satellite use and <60 ms one-way latency.,"Demonstration/manufacturer evidence, not independent validation and not evidence for the Nigerian case.",foundation; informs A/B/C,"Toumai architecture, vision, control, communications or safety",retain-context,https://microport.com/news/microport-medbot-s-toumai-performs-worlds-first-leo-satellite-based-remote-robotic-surgery-using-mobile-platform
S15,"500 Kilometres, Zero Shakes: Inside West Africa’s First Tele-Robotic Surgery",2026,Contemporaneous Nigerian reporting,P0.1 Toumai architecture / telesurgery reconnaissance,technical/regulatory/clinical deployment evidence,,"redundancy, safe-state or bedside fallback where reported",see toumai-network-metrics.csv where applicable,latency/RTT/jitter/loss/bandwidth/topology as available,"Reports RHV–Nisa deployment, Starlink primary and MTN backup.","No raw network telemetry is reported; location wording in some media is inconsistent, so RHV is recorded as Mowe/Redemption City, Ogun State using corroborating reports.",foundation; informs A/B/C,"Toumai architecture, vision, control, communications or safety",retain-context,https://www.channelstv.com/2026/09/20/500-kilometres-zero-shakes-inside-west-africas-first-tele-robotic-surgery/
S16,Toumai supports Nigeria’s first tele-robotic surgery,2026,Official manufacturer LinkedIn report,P0.1 Toumai architecture / telesurgery reconnaissance,technical/regulatory/clinical deployment evidence,,"redundancy, safe-state or bedside fallback where reported",see toumai-network-metrics.csv where applicable,latency/RTT/jitter/loss/bandwidth/topology as available,"Corroborates Toumai, Starlink, approximate distance and procedure.",Manufacturer social-media source; contextual only.,foundation; informs A/B/C,"Toumai architecture, vision, control, communications or safety",retain-context,https://www.linkedin.com/posts/microport-medbot_microportmedbot-toumai-teleroboticsurgery-activity-7508010620651335680-RFSw
SV01,Surgical data science – from concepts toward clinical translation,2022,Medical Image Analysis 76:102306,field-wide SDS,multiple,generalisation/shift noted where source addresses it,P0.2 landscape; reliability methods deferred to P0.5,task-specific; see P0.2 artifacts,,"Field framing, datasets, translation barriers",Representative landscape evidence; source-specific domain/protocol limits apply.,foundation; informs A/B/C,surgical-CV task/model/benchmark landscape,retain-P0.2,https://doi.org/10.1016/j.media.2021.102306
SV02,"Deep learning for surgical workflow analysis: a survey of progresses, limitations, and trends",2024,Artificial Intelligence Review 57:291,phase/workflow,multiple workflow datasets,generalisation/shift noted where source addresses it,P0.2 landscape; reliability methods deferred to P0.5,task-specific; see P0.2 artifacts,,"Workflow methods, datasets, metrics and limitations",Representative landscape evidence; source-specific domain/protocol limits apply.,foundation; informs A/B/C,surgical-CV task/model/benchmark landscape,retain-P0.2,https://doi.org/10.1007/s10462-024-10929-6
SV03,Deep learning in surgical process modeling: A systematic review of workflow recognition,2025,Journal of Biomedical Informatics 162:104779,phase/workflow,multiple,generalisation/shift noted where source addresses it,P0.2 landscape; reliability methods deferred to P0.5,task-specific; see P0.2 artifacts,,Temporal modeling and annotation/dataset limitations,Representative landscape evidence; source-specific domain/protocol limits apply.,foundation; informs A/B/C,surgical-CV task/model/benchmark landscape,retain-P0.2,https://doi.org/10.1016/j.jbi.2025.104779
SV04,"Artificial intelligence in the operating room: A systematic review of AI models for surgical phase, instruments and anatomical structure identification",2025,Acta Obstet Gynecol Scand 104:2054–2064,phase; instruments; anatomy,multiple,generalisation/shift noted where source addresses it,P0.2 landscape; reliability methods deferred to P0.5,task-specific; see P0.2 artifacts,,Cross-task OR perspective,Representative landscape evidence; source-specific domain/protocol limits apply.,foundation; informs A/B/C,surgical-CV task/model/benchmark landscape,retain-P0.2,https://doi.org/10.1111/aogs.70045
SV05,Methods and datasets for segmentation of minimally invasive surgical instruments in endoscopic images and videos: A review of the state of the art,2024,Computers in Biology and Medicine 169:107929,instrument segmentation,EndoVis; ROBUST-MIS; others,generalisation/shift noted where source addresses it,P0.2 landscape; reliability methods deferred to P0.5,task-specific; see P0.2 artifacts,,Instrument segmentation field/dataset map,Representative landscape evidence; source-specific domain/protocol limits apply.,foundation; informs A/B/C,surgical-CV task/model/benchmark landscape,retain-P0.2,https://doi.org/10.1016/j.compbiomed.2024.107929
SV06,Deep learning approaches to surgical video segmentation and object detection: A scoping review,2025,Computers in Biology and Medicine 194:110482,segmentation; detection,multiple,generalisation/shift noted where source addresses it,P0.2 landscape; reliability methods deferred to P0.5,task-specific; see P0.2 artifacts,,Broad segmentation/detection and real-time evidence,Representative landscape evidence; source-specific domain/protocol limits apply.,foundation; informs A/B/C,surgical-CV task/model/benchmark landscape,retain-P0.2,https://doi.org/10.1016/j.compbiomed.2025.110482
SV07,BIAS: Transparent reporting of biomedical image analysis challenges,2020,Medical Image Analysis 66:101796,challenge methodology,challenge-agnostic,generalisation/shift noted where source addresses it,P0.2 landscape; reliability methods deferred to P0.5,task-specific; see P0.2 artifacts,,Challenge reproducibility standard,Representative landscape evidence; source-specific domain/protocol limits apply.,foundation; informs A/B/C,surgical-CV task/model/benchmark landscape,retain-P0.2,https://doi.org/10.1016/j.media.2020.101796
SV08,EndoNet: A Deep Architecture for Recognition Tasks on Laparoscopic Videos,2017,IEEE TMI 36(1):86–97,phase; tool presence,Cholec80,generalisation/shift noted where source addresses it,P0.2 landscape; reliability methods deferred to P0.5,task-specific; see P0.2 artifacts,,Foundational Cholec80 workflow benchmark,Representative landscape evidence; source-specific domain/protocol limits apply.,foundation; informs A/B/C,surgical-CV task/model/benchmark landscape,retain-P0.2,https://doi.org/10.1109/TMI.2016.2593957
SV09,TeCNO: Surgical Phase Recognition with Multi-Stage Temporal Convolutional Networks,2020,MICCAI 2020,phase recognition,Cholec80; M2CAI16,generalisation/shift noted where source addresses it,P0.2 landscape; reliability methods deferred to P0.5,task-specific; see P0.2 artifacts,,Causal temporal baseline,Representative landscape evidence; source-specific domain/protocol limits apply.,foundation; informs A/B/C,surgical-CV task/model/benchmark landscape,retain-P0.2,https://doi.org/10.1007/978-3-030-59716-0_33
SV10,Trans-SVNet: Accurate Phase Recognition from Surgical Videos via Hybrid Embedding Aggregation Transformer,2021,MICCAI 2021,phase recognition,Cholec80; M2CAI16,generalisation/shift noted where source addresses it,P0.2 landscape; reliability methods deferred to P0.5,task-specific; see P0.2 artifacts,,Transformer-era phase baseline,Representative landscape evidence; source-specific domain/protocol limits apply.,foundation; informs A/B/C,surgical-CV task/model/benchmark landscape,retain-P0.2,https://doi.org/10.1007/978-3-030-87202-1_57
SV11,LoViT: Long Video Transformer for surgical phase recognition,2025,Medical Image Analysis 99:103366,online phase recognition,Cholec80; AutoLaparo,generalisation/shift noted where source addresses it,P0.2 landscape; reliability methods deferred to P0.5,task-specific; see P0.2 artifacts,,Long-video transformer,Representative landscape evidence; source-specific domain/protocol limits apply.,foundation; informs A/B/C,surgical-CV task/model/benchmark landscape,retain-P0.2,https://doi.org/10.1016/j.media.2024.103366
SV12,AutoLaparo: A New Dataset of Integrated Multi-tasks for Image-guided Surgical Automation in Laparoscopic Hysterectomy,2022,MICCAI 2022,workflow; camera motion; instrument/anatomy segmentation,AutoLaparo,generalisation/shift noted where source addresses it,P0.2 landscape; reliability methods deferred to P0.5,task-specific; see P0.2 artifacts,,Integrated multitask human dataset,Representative landscape evidence; source-specific domain/protocol limits apply.,foundation; informs A/B/C,surgical-CV task/model/benchmark landscape,retain-P0.2,https://doi.org/10.1007/978-3-031-16449-1_46
SV13,Comparative validation of machine learning algorithms for surgical workflow and skill analysis with the HeiChole benchmark,2023,Medical Image Analysis 86:102770,phase; action; instrument; skill,HeiChole,generalisation/shift noted where source addresses it,P0.2 landscape; reliability methods deferred to P0.5,task-specific; see P0.2 artifacts,,Multicentre generalisation benchmark,Representative landscape evidence; source-specific domain/protocol limits apply.,foundation; informs A/B/C,surgical-CV task/model/benchmark landscape,retain-P0.2,https://doi.org/10.1016/j.media.2023.102770
SV14,"Comparative validation of surgical phase recognition, instrument keypoint estimation, and instrument instance segmentation in endoscopy: Results of the PhaKIR 2024 challenge",2026,Medical Image Analysis 109:103945,phase; keypoint; instance segmentation,PhaKIR challenge,generalisation/shift noted where source addresses it,P0.2 landscape; reliability methods deferred to P0.5,task-specific; see P0.2 artifacts,,Cross-centre evidence across three tasks,Representative landscape evidence; source-specific domain/protocol limits apply.,foundation; informs A/B/C,surgical-CV task/model/benchmark landscape,retain-P0.2,https://doi.org/10.1016/j.media.2026.103945
SV15,"Video dataset for surgical phase, keypoint, and instrument recognition in laparoscopic surgery (PhaKIR)",2026,Data in Brief 68:113147,phase; keypoint; instance segmentation,PhaKIR public release,generalisation/shift noted where source addresses it,P0.2 landscape; reliability methods deferred to P0.5,task-specific; see P0.2 artifacts,,Multicentre public dataset descriptor,Representative landscape evidence; source-specific domain/protocol limits apply.,foundation; informs A/B/C,surgical-CV task/model/benchmark landscape,retain-P0.2,https://doi.org/10.1016/j.dib.2026.113147
SV16,A Dataset and Benchmarks for Segmentation and Recognition of Gestures in Robotic Surgery,2017,IEEE TBME 64(9):2025–2041,gesture; skill,JIGSAWS,generalisation/shift noted where source addresses it,P0.2 landscape; reliability methods deferred to P0.5,task-specific; see P0.2 artifacts,,Canonical robotic video+kinematics benchmark,Representative landscape evidence; source-specific domain/protocol limits apply.,foundation; informs A/B/C,surgical-CV task/model/benchmark landscape,retain-P0.2,https://doi.org/10.1109/TBME.2016.2647680
SV17,Rendezvous: Attention mechanisms for the recognition of surgical action triplets in endoscopic videos,2022,Medical Image Analysis 78:102433,instrument-verb-target triplets,CholecT50,generalisation/shift noted where source addresses it,P0.2 landscape; reliability methods deferred to P0.5,task-specific; see P0.2 artifacts,,Fine-grained action benchmark,Representative landscape evidence; source-specific domain/protocol limits apply.,foundation; informs A/B/C,surgical-CV task/model/benchmark landscape,retain-P0.2,https://doi.org/10.1016/j.media.2022.102433
SV18,ESAD: Endoscopic Surgeon Action Detection Dataset,2020,Zenodo/arXiv,action detection,ESAD/MESAD,generalisation/shift noted where source addresses it,P0.2 landscape; reliability methods deferred to P0.5,task-specific; see P0.2 artifacts,,Robotic action localisation,Representative landscape evidence; source-specific domain/protocol limits apply.,foundation; informs A/B/C,surgical-CV task/model/benchmark landscape,retain-P0.2,https://doi.org/10.5281/zenodo.4471476
SV19,SAR-RARP50: Segmentation of surgical instrumentation and Action Recognition on Robot-Assisted Radical Prostatectomy Challenge,2024,EndoVis/arXiv:2401.00496,instrument segmentation; action recognition,SAR-RARP50,generalisation/shift noted where source addresses it,P0.2 landscape; reliability methods deferred to P0.5,task-specific; see P0.2 artifacts,,Robotic procedure benchmark,Representative landscape evidence; source-specific domain/protocol limits apply.,foundation; informs A/B/C,surgical-CV task/model/benchmark landscape,retain-P0.2,https://doi.org/10.48550/arXiv.2401.00496
SV20,2017 Robotic Instrument Segmentation Challenge,2019,EndoVis/arXiv:1902.06426,instrument segmentation,EndoVis 2017,generalisation/shift noted where source addresses it,P0.2 landscape; reliability methods deferred to P0.5,task-specific; see P0.2 artifacts,,Canonical robotic instrument segmentation,Representative landscape evidence; source-specific domain/protocol limits apply.,foundation; informs A/B/C,surgical-CV task/model/benchmark landscape,retain-P0.2,https://doi.org/10.48550/arXiv.1902.06426
SV21,2018 Robotic Scene Segmentation Challenge,2020,EndoVis/arXiv:2001.11190,scene segmentation,EndoVis 2018,generalisation/shift noted where source addresses it,P0.2 landscape; reliability methods deferred to P0.5,task-specific; see P0.2 artifacts,,Robotic scene segmentation,Representative landscape evidence; source-specific domain/protocol limits apply.,foundation; informs A/B/C,surgical-CV task/model/benchmark landscape,retain-P0.2,https://doi.org/10.48550/arXiv.2001.11190
SV22,Comparative validation of multi-instance instrument segmentation in endoscopy: Results of the ROBUST-MIS 2019 challenge,2021,Medical Image Analysis 70:101920,binary/instance segmentation; detection,ROBUST-MIS,generalisation/shift noted where source addresses it,P0.2 landscape; reliability methods deferred to P0.5,task-specific; see P0.2 artifacts,,Explicit domain-gap robustness benchmark,Representative landscape evidence; source-specific domain/protocol limits apply.,foundation; informs A/B/C,surgical-CV task/model/benchmark landscape,retain-P0.2,https://doi.org/10.1016/j.media.2020.101920
SV23,CaDIS: Cataract dataset for surgical RGB-image segmentation,2021,Medical Image Analysis 71:102053,semantic segmentation,CaDIS,generalisation/shift noted where source addresses it,P0.2 landscape; reliability methods deferred to P0.5,task-specific; see P0.2 artifacts,,Dense anatomy+instrument segmentation,Representative landscape evidence; source-specific domain/protocol limits apply.,foundation; informs A/B/C,surgical-CV task/model/benchmark landscape,retain-P0.2,https://doi.org/10.1016/j.media.2021.102053
SV24,CholecSeg8k: A Semantic Segmentation Dataset for Laparoscopic Cholecystectomy Based on Cholec80,2020,arXiv:2012.12453,semantic segmentation,CholecSeg8k,generalisation/shift noted where source addresses it,P0.2 landscape; reliability methods deferred to P0.5,task-specific; see P0.2 artifacts,,Common scene segmentation subset,Representative landscape evidence; source-specific domain/protocol limits apply.,foundation; informs A/B/C,surgical-CV task/model/benchmark landscape,retain-P0.2,https://doi.org/10.48550/arXiv.2012.12453
SV25,"Endoscapes, a critical view of safety and surgical scene segmentation dataset for laparoscopic cholecystectomy",2025,Scientific Data 12:331,detection; scene segmentation; CVS,Endoscapes2023,generalisation/shift noted where source addresses it,P0.2 landscape; reliability methods deferred to P0.5,task-specific; see P0.2 artifacts,,Anatomy/instrument/safety-state benchmark,Representative landscape evidence; source-specific domain/protocol limits apply.,foundation; informs A/B/C,surgical-CV task/model/benchmark landscape,retain-P0.2,https://doi.org/10.1038/s41597-025-04642-4
SV26,CholecInstanceSeg: A Tool Instance Segmentation Dataset for Laparoscopic Surgery,2025,Scientific Data 12:825,tool instance segmentation,CholecInstanceSeg,generalisation/shift noted where source addresses it,P0.2 landscape; reliability methods deferred to P0.5,task-specific; see P0.2 artifacts,,Large human tool-instance dataset,Representative landscape evidence; source-specific domain/protocol limits apply.,foundation; informs A/B/C,surgical-CV task/model/benchmark landscape,retain-P0.2,https://doi.org/10.1038/s41597-025-05163-w
SV27,SurgicalSAM: Efficient Class Promptable Surgical Instrument Segmentation,2024,AAAI 38(7):6890–6898,instrument segmentation,EndoVis 2017/2018,generalisation/shift noted where source addresses it,P0.2 landscape; reliability methods deferred to P0.5,task-specific; see P0.2 artifacts,,Foundation-model adaptation,Representative landscape evidence; source-specific domain/protocol limits apply.,foundation; informs A/B/C,surgical-CV task/model/benchmark landscape,retain-P0.2,https://doi.org/10.1609/aaai.v38i7.28514
SV28,Learning multi-modal representations by watching hundreds of surgical video lectures,2025,Medical Image Analysis 105:103644,video-language pretraining,"1,400 lectures + downstream sets",generalisation/shift noted where source addresses it,P0.2 landscape; reliability methods deferred to P0.5,task-specific; see P0.2 artifacts,,Emerging surgical video-language representation,Representative landscape evidence; source-specific domain/protocol limits apply.,foundation; informs A/B/C,surgical-CV task/model/benchmark landscape,retain-P0.2,https://doi.org/10.1016/j.media.2025.103644
SV29,Surgical Visual Understanding (SurgVU) Dataset,2025,arXiv:2501.09209 / Grand Challenge,tool/task visual understanding,SurgVU,generalisation/shift noted where source addresses it,P0.2 landscape; reliability methods deferred to P0.5,task-specific; see P0.2 artifacts,,Very large robotic training-video resource,Representative landscape evidence; source-specific domain/protocol limits apply.,foundation; informs A/B/C,surgical-CV task/model/benchmark landscape,retain-P0.2,https://doi.org/10.48550/arXiv.2501.09209
SV30,Cataract-101: Video Dataset of 101 Cataract Surgeries,2018,ACM MMSys,workflow/video analysis,Cataract-101,generalisation/shift noted where source addresses it,P0.2 landscape; reliability methods deferred to P0.5,task-specific; see P0.2 artifacts,,Non-laparoscopic workflow benchmark,Representative landscape evidence; source-specific domain/protocol limits apply.,foundation; informs A/B/C,surgical-CV task/model/benchmark landscape,retain-P0.2,https://doi.org/10.1145/3204949.3208137
SV31,CATARACTS: Challenge on Automatic Tool Annotation for Cataract Surgery,2019,Medical Image Analysis 52:24–41,tool presence/usage,CATARACTS,generalisation/shift noted where source addresses it,P0.2 landscape; reliability methods deferred to P0.5,task-specific; see P0.2 artifacts,,Tool-recognition benchmark,Representative landscape evidence; source-specific domain/protocol limits apply.,foundation; informs A/B/C,surgical-CV task/model/benchmark landscape,retain-P0.2,https://doi.org/10.1016/j.media.2018.11.008
SV32,Metrics Matter in Surgical Phase Recognition,2023,arXiv:2305.13961,phase evaluation,Cholec80,generalisation/shift noted where source addresses it,P0.2 landscape; reliability methods deferred to P0.5,task-specific; see P0.2 artifacts,,Metric-protocol comparability warning,Representative landscape evidence; source-specific domain/protocol limits apply.,foundation; informs A/B/C,surgical-CV task/model/benchmark landscape,retain-P0.2,https://doi.org/10.48550/arXiv.2305.13961
SV33,Endoscopic Vision (EndoVis) challenge and dataset ecosystem,2026,Grand Challenge,segmentation; recognition; tracking; phase; keypoints; actions,multiple EndoVis datasets,generalisation/shift noted where source addresses it,P0.2 landscape; reliability methods deferred to P0.5,task-specific; see P0.2 artifacts,,Benchmark ecosystem index,Representative landscape evidence; source-specific domain/protocol limits apply.,foundation; informs A/B/C,surgical-CV task/model/benchmark landscape,retain-P0.2,https://endovis.grand-challenge.org/
