id,name,procedure,domain,modality,scale,fps,resolution,annotations,tasks,centres,access,license,raw_video,split_status,overlap,temporal_fit,spatial_fit,natural_shift,compute,decision,caution,sources
DS01,Cholec80,Laparoscopic cholecystectomy,Human clinical; single-centre/CAMMA Strasbourg,Full endoscopic video,80 videos; 13 surgeons,25 fps,varies in release; commonly 854×480,7 phases at video-frame resolution; 7 tool-presence labels at 1 fps,Phase recognition; tool presence,1,Request/download through CAMMA,CC BY-NC-SA 4.0,Yes,Multiple published/project splits; exact split must be pinned per experiment,Source dataset for CholecT50 and CholecSeg8k; overlaps also documented by CAMMA with newer datasets,Strong,Limited without derived annotations,Limited internal site diversity,~85.2 GB extracted in TF-Cholec80 packaging; ~166 GB free space recommended during preparation,Working temporal candidate,Do not use CholecT50/CholecSeg8k/derived CholecInstanceSeg as independent external test without video-ID de-duplication.,D01;D02;D03
DS02,CholecT50,Laparoscopic cholecystectomy,Human clinical; Strasbourg,Frames extracted from surgical videos,50 videos; 45 from Cholec80 + 5 from Cholec120,Images extracted at 1 fps,source-dependent,Instrument–verb–target triplets; components; phase; limited box annotations,Triplet/action recognition; tool/verb/target recognition; phase,1,Request through CAMMA,CC BY-NC-SA 4.0,Source videos available through dataset access,Official cross-validation and challenge variants,45/50 videos are Cholec80; shares sequences with CholecSeg8k; source of CholecInstanceSeg,Moderate at 1-fps annotation release,Moderate,Low independent-domain value versus Cholec80,Moderate,Secondary task dataset; not independent validation for Cholec80,High provenance-overlap risk.,D04;D05
DS03,CholecSeg8k,Laparoscopic cholecystectomy,Human clinical; derived from Cholec80,RGB frames,"8,080 frames from 17 Cholec80 videos",Sparse frame sequences,854×480,Semantic segmentation; 13 categories,Scene/instrument/anatomy semantic segmentation,1 source centre,Publicly circulated derived dataset; verify canonical release route before experiment,Exact canonical data-license route should be re-verified; source lineage inherits Cholec80 restrictions,No independent raw-video source; derived from Cholec80,Derived-frame benchmark; video-level provenance must be enforced,Subset of 17 Cholec80 videos; 10 image sequences overlap CholecT50 by source sequence according to CholecInstanceSeg paper,Limited,Strong,Not independent from Cholec80,Low–moderate,Secondary spatial dataset only,Do not call it external to Cholec80.,D06;D07
DS04,CholecInstanceSeg,Laparoscopic cholecystectomy,Human clinical; composite derived benchmark,RGB frames + instance masks,"41,933 frames from 85 image sequences",Mixed source sampling; includes sparse and full partitions,source-dependent,Semantic + instance IDs/masks for surgical tools,Tool semantic/instance segmentation,Primarily source datasets from CAMMA,Annotations via Synapse; underlying images obtained from source datasets,Mixed/inherited source terms; verify each source dataset and Synapse terms,Underlying source videos not redistributed as one independent corpus,"Partitions explicitly track CholecSeg8k, CholecT50 and Cholec80 provenance","Composite of CholecT50, CholecSeg8k and Cholec80-derived imagery",Limited–moderate,Very strong,Low as independent external domain; useful for dense tool labels,Moderate,Secondary dense-label resource,Treat provenance at sequence/video level; not an independent domain.,D07
DS05,Endoscapes2023,Laparoscopic cholecystectomy,Human clinical; CAMMA/Strasbourg ecosystem,Sampled video frames with temporal metadata/annotations,"201 source videos; CVS201 has 11,090 annotated frames; Seg50 has 50-video subset",CVS frames every 5 s; segmentation subset sparsely annotated,release-specific,CVS by 3 experts; boxes; semantic/instance segmentation for subsets,CVS assessment; object detection; scene/instrument/anatomy segmentation,Primarily 1 clinical ecosystem,Current PhysioNet files are restricted access with signed DUA; official GitHub documents dataset structure,Route-sensitive: GitHub states CC BY-NC-SA 4.0; PhysioNet-hosted files use Restricted Health Data License 1.5.0 + DUA,Distributed release is annotation/frame-centric; full raw-video availability for arbitrary temporal corruption must be verified,Official video-level 120/41/40 for CVS/BBox; 30/10/10 for Seg50,"CAMMA explicitly warns of overlaps among Endoscapes, Cholec80 and CholecT50; exact IDs must be resolved before cross-dataset testing",Moderate; verify intermediate/full sequence availability,Very strong,Limited centre diversity; strong clinical/safety label value,Moderate; access administration is bigger constraint than storage,Working spatial/safety candidate,Use current PhysioNet access/DUA terms for PhysioNet files; do not redistribute until terms are checked.,D08;D09;D10
DS06,PhaKIR,Laparoscopic cholecystectomy,Human clinical; multicentre Germany,Complete monocular videos,8 complete public-release videos from 3 medical centres,25 fps,1920×1080,Phase every frame; keypoints + instance segmentation at 1 fps; 19 instrument classes,Phase recognition; tool keypoints; instrument instance segmentation,3,Controlled access by request via Zenodo,CC BY-NC-SA,Yes,Public release is 8 videos; original challenge used additional hidden test cases,Independent multicentre collection from German hospitals,Very strong,Very strong,Very strong cross-centre/device value,Moderate; small number of videos,Working multicentre validation candidate,Too small to be sole training corpus; preserve centre identities for leave-one-centre-out tests.,D11;D12
DS07,HeiChole,Laparoscopic cholecystectomy,Human clinical; multicentre Germany,Full endoscopic video,33 videos; 3 centres; ~22 h,Centre/device dependent (25–50 fps reported),Centre/device dependent,7 phases; 4 actions; 21 instruments/7 categories; 5 skill dimensions,Phase; action; instrument presence; skill,3,Public OPARA bundle; original challenge also uses Synapse/hidden-test leaderboard,CC BY-NC-SA 4.0 (OPARA),Yes,Original benchmark had unreleased test data; OPARA now provides a large public bundle—canonical challenge reproduction requires split verification,Independent German multicentre collection,Very strong,"Moderate (presence labels, not dense masks)",Very strong,OPARA bundle ~156.21 GB,High-value natural-shift validation candidate,Large storage; reconcile current public bundle with original hidden-test protocol before claiming leaderboard comparability.,D13;D14;D15
DS08,MultiBypass140,Laparoscopic Roux-en-Y gastric bypass,Human clinical; two centres (Strasbourg/Bern),Full endoscopic video,140 videos; 70 per centre,25 fps,Centre-dependent; Strasbourg normalized to 854×480; Bern 720×576,12 phases; 46 steps; 5 intraoperative adverse-event categories,Phase/step recognition; adverse-event modelling,2,Direct S3 downloads + official GitHub metadata/code,CC BY-NC-SA 4.0 for non-commercial scientific research,Yes,Official 5-fold CV metadata; explicit cross-centre experiments supported,Independent procedure/domain from cholecystectomy benchmarks,Very strong,Limited,Very strong cross-centre/workflow value,Very high storage burden; visible archive parts alone are hundreds of GB,"High-value temporal validation candidate, currently practical hold",As of 2026-09-25 an open issue reports `multibypass03.zip` contains metadata only/no videos; verify repair before committing experiments.,D16;D17;D18
DS09,AutoLaparo,Laparoscopic hysterectomy,"Human clinical; Prince of Wales Hospital, Hong Kong",Full video,"21 videos; 1,388 min total (~23.1 h)",25 fps,1920×1080,Workflow phases; laparoscope motion; instrument + key-anatomy segmentation subsets,Phase/workflow; camera motion; segmentation,1,Request form,CC BY-NC-SA 4.0; academic/non-commercial,Yes,Published baseline uses procedure-level 10 train / 4 val / 7 test,Independent procedure/domain relative to cholecystectomy,Very strong,Strong for annotated subsets,Strong cross-procedure value; limited site diversity,Moderate–high,Secondary cross-procedure validation candidate,"Different anatomy/procedure can create semantic-label mismatch, so cross-task comparisons need harmonization.",D19;D20
DS10,SAR-RARP50,Robot-assisted radical prostatectomy (suturing/DVC phase segments),Human robot-assisted clinical surgery,Robotic endoscopic video + segmentation/action labels,Challenge paper describes 50 RARP suturing video segments,High-frame-rate source video; exact experiment sampling must be pinned,1080-class robotic video,Instrument semantic segmentation + surgical action recognition,Instrument segmentation; action recognition; multitask learning,Dataset collection context should be verified in paper metadata before site-shift claims,Direct UCL Research Data Repository train/test archives,CC BY-NC-SA 4.0,Yes,"Official challenge train/test archives; train ~25.1 GB, test ~6.15 GB",Independent of CAMMA cholecystectomy datasets,Strong,Very strong,Moderate; direct robotic relevance is the main value,~31.25 GB published train+test archives,Working robot-assisted spatial/action candidate,Only one prostatectomy sub-phase; not representative of full surgery workflow.,D21;D22;D23
DS11,ESAD / SARAS-ESAD,Robot-assisted radical prostatectomy,Human clinical; da Vinci Xi,Monocular endoscopic frames/video,4 complete patient sessions; 21 action classes,frame annotations sampled from sessions,challenge release dependent,Action bounding boxes/classes,Surgeon action detection,Limited / small cohort,Grand Challenge registration; train/validation downloadable after registration,Challenge distribution is non-commercial/controlled; exact registered-user terms must be accepted,Challenge-specific,"22,601 train frames; 4,574 validation; 6,223 test frames listed, with test not publicly released on current page",Independent robotic prostatectomy collection,Moderate,Strong for action boxes,Limited by four procedures,Low–moderate,Secondary robotic action dataset,Very small procedure count and unreleased test constrain independent reliability studies.,D24
DS12,JIGSAWS,"Robotic surgical training tasks (suturing, knot-tying, needle passing)","Bench-top training, not clinical surgery",Stereo video + da Vinci kinematics,8 surgeons; repeated trials of 3 tasks,dataset-specific video,dataset-specific,Gesture segments; global skill scores; synchronized kinematics,Gesture recognition/segmentation; skill assessment,Training study,Request form / alternative link if needed,Academic research only; not commercial (official page does not state a CC license),Yes,Standardized cross-validation protocols provided,Independent but non-clinical,Very strong,Limited for dense perception,Low clinical external-validity value,Low–moderate,Methodological multimodal secondary resource,Do not treat bench-top training as clinical robotic surgery.,D25;D26
DS13,HeiCo / ROBUST-MIS 2019,Colorectal laparoscopic surgery (3 procedure types),Human clinical; Heidelberg,Surgical video / 10-s clips + sparse annotated frames,"10,040 annotated images from 30 procedures",Training clips contain 250 consecutive frames over ~10 s,release dependent,Binary instrument segmentation; instance detection/segmentation; workflow labels in broader HeiCo resource,Instrument segmentation/detection; workflow,"Primarily one centre, but procedure-domain gap",Synapse / challenge scripts,CC BY-NC-SA,Video/clips available through dataset ecosystem,Challenge test stages explicitly increase domain gap; no patient overlap between train/test reported,Independent colorectal domain,Strong for clips,Very strong,Very strong procedure-domain benchmark,Moderate,High-value spatial robustness validation candidate,"Domain gap is mainly procedure/context, not multicentre networking.",D27;D28
DS14,CaDIS,Cataract surgery,Human clinical; derived from CATARACTS training videos,RGB frames,"4,670 images from 25 videos",Images sampled at least ~0.3 s apart in published use,960×540 reported in paper usage,"36 classes: 29 instruments, 4 anatomy, 3 other",Semantic segmentation,1 source centre,Official Grand Challenge page currently says download link 'coming up soon',Dataset license not sufficiently verified from current primary access page; do not infer from article license,"Underlying CATARACTS videos exist, but CaDIS is a frame subset","3,550 train / 534 val (videos 5,7,16) / 586 test (videos 2,12,22)",Derived from CATARACTS training videos,Limited,Very strong,Strong cross-procedure/camera diversity relative to laparoscopy,Low,Secondary spatial candidate pending access/license verification,Current official download route appears incomplete.,D29;D30
DS15,CATARACTS,Cataract surgery,Human clinical; Brest University Hospital,Surgical microscope video,50 videos; 3 surgeons,video release specific,microscope video release specific,Tool-presence/use annotations,Tool recognition,1,Published on IEEE DataPort / challenge route,Official challenge states dataset must not be used commercially; verify DataPort terms before redistribution,Yes,25 training / 25 test videos,CaDIS uses frames from the 25 CATARACTS training videos,Strong,Limited without CaDIS masks,Cross-procedure/device external domain,Moderate,Secondary external-domain resource,Different imaging modality (microscope) makes shift large and task harmonization nontrivial.,D31;D32
DS16,EndoVis 2017 Robotic Instrument Segmentation,Robotic minimally invasive procedures; porcine background,"Robotic/porcine, non-human",Robotic endoscopic frames/video,Small challenge benchmark,sequence-based,challenge dependent,Instrument binary/part/type masks,Instrument segmentation,Challenge dataset,Official EndoVis/Grand Challenge route,Verify original challenge data terms; do not rely on third-party mirrors for licensing,Sequence frames/video,Challenge split,Independent from human clinical datasets,Moderate,Very strong,"Useful platform/domain shift, but porcine tissue is easier/different",Low,Legacy secondary robotic benchmark,Non-human domain and small size.,D33;D34
DS17,EndoVis 2018 Robotic Scene Segmentation,Robotic procedures; porcine tissue,"Robotic/porcine, non-human",Robotic endoscopic video/frames,Challenge benchmark,sequence-based,challenge dependent,Instruments + anatomical objects/medical devices,Robotic scene semantic segmentation,Challenge dataset,Official EndoVis challenge route,Verify original challenge terms before experiment,Sequence frames/video,Challenge split,Independent from human clinical datasets,Moderate,Very strong,Platform/domain shift value; non-human,Low,Legacy secondary scene benchmark,Porcine tissue is explicitly easier than human tissue in challenge report.,D34
DS18,SurgVU,da Vinci robotic training exercises on porcine model,"Robotic training, non-clinical human surgery",Long monocular robotic video,280 videos from 155 sessions; >840 h; ~18M frames,60 fps,1280×720,"Tool install/presence, task labels; challenge-specific localisation subsets",Tool detection/presence; task recognition; long-video representation,Training-program collection,Direct public dataset URLs / official repository,CC BY-NC-SA 4.0,Yes,Challenge-specific; case/session-level splitting is mandatory,Independent but porcine training domain,Very strong,Strong for tool-localisation subsets,"Useful platform scale, limited clinical realism",Very high,Large-scale pretraining/secondary resource,Do not treat training exercises on porcine model as clinical human surgery.,D35;D36
